[
  {
    "SiteTemplate": "GLOBAL#0",
    "Value": 1033
  },
  {
    "SiteTemplate": "STS#3",
    "Value": 1033
  },
  {
    "SiteTemplate": "STS#0",
    "Value": 1033
  },
  {
    "SiteTemplate": "STS#1",
    "Value": 1033
  },
  {
    "SiteTemplate": "STS#2",
    "Value": 1033
  },
  {
    "SiteTemplate": "MPS#0",
    "Value": 1033
  },
  {
    "SiteTemplate": "MPS#1",
    "Value": 1033
  },
  {
    "SiteTemplate": "MPS#2",
    "Value": 1033
  },
  {
    "SiteTemplate": "MPS#3",
    "Value": 1033
  },
  {
    "SiteTemplate": "MPS#4",
    "Value": 1033
  },
  {
    "SiteTemplate": "CENTRALADMIN#0",
    "Value": 1033
  },
  {
    "SiteTemplate": "WIKI#0",
    "Value": 1033
  },
  {
    "SiteTemplate": "BLOG#0",
    "Value": 1033
  },
  {
    "SiteTemplate": "SGS#0",
    "Value": 1033
  },
  {
    "SiteTemplate": "TENANTADMIN#0",
    "Value": 1033
  },
  {
    "SiteTemplate": "APP#0",
    "Value": 1033
  },
  {
    "SiteTemplate": "APPCATALOG#0",
    "Value": 1033
  },
  {
    "SiteTemplate": "ACCSRV#0",
    "Value": 1033
  },
  {
    "SiteTemplate": "ACCSVC#0",
    "Value": 1033
  },
  {
    "SiteTemplate": "ACCSVC#1",
    "Value": 1033
  },
  {
    "SiteTemplate": "BDR#0",
    "Value": 1033
  },
  {
    "SiteTemplate": "CONTENTCTR#0",
    "Value": 1033
  },
  {
    "SiteTemplate": "TBH#0",
    "Value": 1033
  },
  {
    "SiteTemplate": "DEV#0",
    "Value": 1033
  },
  {
    "SiteTemplate": "EDISC#0",
    "Value": 1033
  },
  {
    "SiteTemplate": "EDISC#1",
    "Value": 1033
  },
  {
    "SiteTemplate": "EXPRESS#0",
    "Value": 1033
  },
  {
    "SiteTemplate": "FunSite#0",
    "Value": 1033
  },
  {
    "SiteTemplate": "OFFILE#0",
    "Value": 1033
  },
  {
    "SiteTemplate": "OFFILE#1",
    "Value": 1033
  },
  {
    "SiteTemplate": "EHS#0",
    "Value": 1033
  },
  {
    "SiteTemplate": "EHS#2",
    "Value": 1033
  },
  {
    "SiteTemplate": "EHS#1",
    "Value": 1033
  },
  {
    "SiteTemplate": "OSRV#0",
    "Value": 1033
  },
  {
    "SiteTemplate": "PPSMASite#0",
    "Value": 1033
  },
  {
    "SiteTemplate": "PWA#0",
    "Value": 1033
  },
  {
    "SiteTemplate": "PWS#0",
    "Value": 1033
  },
  {
    "SiteTemplate": "REVIEWCTR#0",
    "Value": 1033
  },
  {
    "SiteTemplate": "RedirectSite#0",
    "Value": 1033
  },
  {
    "SiteTemplate": "POLICYCTR#0",
    "Value": 1033
  },
  {
    "SiteTemplate": "SPS#0",
    "Value": 1033
  },
  {
    "SiteTemplate": "SPSPERS#0",
    "Value": 1033
  },
  {
    "SiteTemplate": "SPSPERS#2",
    "Value": 1033
  },
  {
    "SiteTemplate": "SPSPERS#3",
    "Value": 1033
  },
  {
    "SiteTemplate": "SPSPERS#4",
    "Value": 1033
  },
  {
    "SiteTemplate": "SPSPERS#5",
    "Value": 1033
  },
  {
    "SiteTemplate": "SPSPERS#6",
    "Value": 1033
  },
  {
    "SiteTemplate": "SPSPERS#7",
    "Value": 1033
  },
  {
    "SiteTemplate": "SPSPERS#8",
    "Value": 1033
  },
  {
    "SiteTemplate": "SPSPERS#9",
    "Value": 1033
  },
  {
    "SiteTemplate": "SPSPERS#10",
    "Value": 1033
  },
  {
    "SiteTemplate": "SPSPERS#11",
    "Value": 1033
  },
  {
    "SiteTemplate": "SPSPERS#12",
    "Value": 1033
  },
  {
    "SiteTemplate": "SPSMSITE#0",
    "Value": 1033
  },
  {
    "SiteTemplate": "SPSTOC#0",
    "Value": 1033
  },
  {
    "SiteTemplate": "SPSTOPIC#0",
    "Value": 1033
  },
  {
    "SiteTemplate": "SPSNEWS#0",
    "Value": 1033
  },
  {
    "SiteTemplate": "CMSPUBLISHING#0",
    "Value": 1033
  },
  {
    "SiteTemplate": "BLANKINTERNET#0",
    "Value": 1033
  },
  {
    "SiteTemplate": "BLANKINTERNET#1",
    "Value": 1033
  },
  {
    "SiteTemplate": "BLANKINTERNET#2",
    "Value": 1033
  },
  {
    "SiteTemplate": "SPSNHOME#0",
    "Value": 1033
  },
  {
    "SiteTemplate": "SPSSITES#0",
    "Value": 1033
  },
  {
    "SiteTemplate": "SPSCOMMU#0",
    "Value": 1033
  },
  {
    "SiteTemplate": "SPSREPORTCENTER#0",
    "Value": 1033
  },
  {
    "SiteTemplate": "SPSPORTAL#0",
    "Value": 1033
  },
  {
    "SiteTemplate": "SRCHCEN#0",
    "Value": 1033
  },
  {
    "SiteTemplate": "PROFILES#0",
    "Value": 1033
  },
  {
    "SiteTemplate": "BLANKINTERNETCONTAINER#0",
    "Value": 1033
  },
  {
    "SiteTemplate": "SPSMSITEHOST#0",
    "Value": 1033
  },
  {
    "SiteTemplate": "ENTERWIKI#0",
    "Value": 1033
  },
  {
    "SiteTemplate": "PROJECTSITE#0",
    "Value": 1033
  },
  {
    "SiteTemplate": "COMMUNITY#0",
    "Value": 1033
  },
  {
    "SiteTemplate": "COMMUNITYPORTAL#0",
    "Value": 1033
  },
  {
    "SiteTemplate": "GROUP#0",
    "Value": 1033
  },
  {
    "SiteTemplate": "POINTPUBLISHINGHUB#0",
    "Value": 1033
  },
  {
    "SiteTemplate": "POINTPUBLISHINGPERSONAL#0",
    "Value": 1033
  },
  {
    "SiteTemplate": "POINTPUBLISHINGTOPIC#0",
    "Value": 1033
  },
  {
    "SiteTemplate": "SITEPAGEPUBLISHING#0",
    "Value": 1033
  },
  {
    "SiteTemplate": "TEAMCHANNEL#0",
    "Value": 1033
  },
  {
    "SiteTemplate": "TEAMCHANNEL#1",
    "Value": 1033
  },
  {
    "SiteTemplate": "CSPCONTAINER#0",
    "Value": 1033
  },
  {
    "SiteTemplate": "SRCHCENTERLITE#0",
    "Value": 1033
  },
  {
    "SiteTemplate": "SRCHCENTERLITE#1",
    "Value": 1033
  },
  {
    "SiteTemplate": "TenantAdminSpo#0",
    "Value": 1033
  },
  {
    "SiteTemplate": "TestSite#0",
    "Value": 1033
  },
  {
    "SiteTemplate": "SAPWorkflowSite#0",
    "Value": 1033
  }
]
