[
  {
    "ListName": "Documenten",
    "ViewName": "Alle documenten",
    "DefaultView": true,
    "ViewFields": "DocIcon,LinkFilename,Modified,Editor",
    "RowLimit": 30,
    "ListScope": "DefaultValue",
    "JsonFormatterFile": "Documenten.json"
  },
  {
    "ListName": "Documenten",
    "ViewName": "Documenten opnieuw koppelen",
    "DefaultView": false,
    "ViewFields": "DocIcon,LinkFilenameNoMenu,RepairDocument,Modified,Editor,ContentType,TemplateUrl",
    "RowLimit": 30,
    "ListScope": "DefaultValue",
    "JsonFormatterFile": "Documenten.json"
  },
  {
    "ListName": "Documenten",
    "ViewName": "assetLibTemp",
    "DefaultView": false,
    "ViewFields": "LinkFilename",
    "RowLimit": 20,
    "ListScope": "DefaultValue",
    "JsonFormatterFile": "Documenten.json"
  },
  {
    "ListName": "Documenten",
    "ViewName": "Documenten samenvoegen",
    "DefaultView": false,
    "ViewFields": "DocIcon,LinkFilename,Combine,Modified,Editor",
    "RowLimit": 30,
    "ListScope": "DefaultValue",
    "JsonFormatterFile": "Documenten.json"
  },
  {
    "ListName": "DocumentLibraryTest",
    "ViewName": "Alle documenten",
    "DefaultView": false,
    "ViewFields": "DocIcon,LinkFilename,Modified,Editor",
    "RowLimit": 30,
    "ListScope": "DefaultValue",
    "JsonFormatterFile": "DocumentLibraryTest.json"
  },
  {
    "ListName": "DocumentLibraryTest",
    "ViewName": "Documenten samenvoegen",
    "DefaultView": false,
    "ViewFields": "DocIcon,LinkFilename,Combine,Modified,Editor",
    "RowLimit": 30,
    "ListScope": "DefaultValue",
    "JsonFormatterFile": "DocumentLibraryTest.json"
  },
  {
    "ListName": "DocumentLibraryTest",
    "ViewName": "Documenten opnieuw koppelen",
    "DefaultView": false,
    "ViewFields": "DocIcon,LinkFilenameNoMenu,RepairDocument,Modified,Editor,ContentType,TemplateUrl",
    "RowLimit": 30,
    "ListScope": "DefaultValue",
    "JsonFormatterFile": "DocumentLibraryTest.json"
  },
  {
    "ListName": "DocumentLibraryTest",
    "ViewName": "assetLibTemp",
    "DefaultView": false,
    "ViewFields": "LinkFilename",
    "RowLimit": 20,
    "ListScope": "DefaultValue",
    "JsonFormatterFile": "DocumentLibraryTest.json"
  },
  {
    "ListName": "DocumentLibraryTest",
    "ViewName": "DefaultVieuw",
    "DefaultView": true,
    "ViewFields": "DocIcon,LinkFilename,Modified,Editor,TestColumn",
    "RowLimit": 30,
    "ListScope": "DefaultValue",
    "JsonFormatterFile": "DocumentLibraryTest.json"
  },
  {
    "ListName": "Formuliersjablonen",
    "ViewName": "Alle documenten",
    "DefaultView": false,
    "ViewFields": "DocIcon,LinkFilename,Modified,Editor",
    "RowLimit": 30,
    "ListScope": "DefaultValue",
    "JsonFormatterFile": "Formuliersjablonen.json"
  },
  {
    "ListName": "Formuliersjablonen",
    "ViewName": "Documenten samenvoegen",
    "DefaultView": false,
    "ViewFields": "DocIcon,LinkFilename,Combine,Modified,Editor",
    "RowLimit": 30,
    "ListScope": "DefaultValue",
    "JsonFormatterFile": "Formuliersjablonen.json"
  },
  {
    "ListName": "Formuliersjablonen",
    "ViewName": "Documenten opnieuw koppelen",
    "DefaultView": false,
    "ViewFields": "DocIcon,LinkFilenameNoMenu,RepairDocument,Modified,Editor,ContentType,TemplateUrl",
    "RowLimit": 30,
    "ListScope": "DefaultValue",
    "JsonFormatterFile": "Formuliersjablonen.json"
  },
  {
    "ListName": "Formuliersjablonen",
    "ViewName": "assetLibTemp",
    "DefaultView": false,
    "ViewFields": "LinkFilename",
    "RowLimit": 20,
    "ListScope": "DefaultValue",
    "JsonFormatterFile": "Formuliersjablonen.json"
  },
  {
    "ListName": "Formuliersjablonen",
    "ViewName": "Alle formulieren",
    "DefaultView": true,
    "ViewFields": "DocIcon,LinkFilename,FormName,FormDescription",
    "RowLimit": 30,
    "ListScope": "DefaultValue",
    "JsonFormatterFile": "Formuliersjablonen.json"
  },
  {
    "ListName": "Galerie met basispagina's",
    "ViewName": "Alle basispagina's",
    "DefaultView": true,
    "ViewFields": "MasterPageIcon,FilenameMenuNoLink,Modified,Editor,CheckoutUser,UIVersion",
    "RowLimit": 30,
    "ListScope": "DefaultValue",
    "JsonFormatterFile": "Galerie met basispagina's.json"
  },
  {
    "ListName": "Galerie met lijstsjablonen",
    "ViewName": "Alle sjablonen",
    "DefaultView": true,
    "ViewFields": "LinkFilenameNoMenu,Edit,Modified,TemplateTitle,LanguageDisplay,MajorVersion,FeatureID",
    "RowLimit": 30,
    "ListScope": "DefaultValue",
    "JsonFormatterFile": "Galerie met lijstsjablonen.json"
  },
  {
    "ListName": "Galerie met webonderdelen",
    "ViewName": "Alle webonderdelen",
    "DefaultView": true,
    "ViewFields": "WebPartIcon,LinkWebPart,Edit,Modified,Editor,QuickAddGroups",
    "RowLimit": 30,
    "ListScope": "DefaultValue",
    "JsonFormatterFile": "Galerie met webonderdelen.json"
  },
  {
    "ListName": "Galerie van oplossingen",
    "ViewName": "Oplossingen",
    "DefaultView": true,
    "ViewFields": "ID,LinkFilename2,Edit,Modified,SolutionId,SolutionHash,SolutionGalleryItemId,Hash,Status,ResourceQuota,ComputedStatus,ComputedQuota",
    "RowLimit": 30,
    "ListScope": "DefaultValue",
    "JsonFormatterFile": "Galerie van oplossingen.json"
  },
  {
    "ListName": "Galerie van thema's",
    "ViewName": "Thema's",
    "DefaultView": true,
    "ViewFields": "DocIcon,LinkFilename,Edit,Modified",
    "RowLimit": 30,
    "ListScope": "DefaultValue",
    "JsonFormatterFile": "Galerie van thema's.json"
  },
  {
    "ListName": "Gebeurtenissen",
    "ViewName": "Alle gebeurtenissen",
    "DefaultView": false,
    "ViewFields": "fRecurrence,WorkspaceLink,LinkTitle,Location,EventDate,EndDate,fAllDayEvent",
    "RowLimit": 30,
    "ListScope": "DefaultValue",
    "JsonFormatterFile": "Gebeurtenissen.json"
  },
  {
    "ListName": "Gebeurtenissen",
    "ViewName": "Agenda",
    "DefaultView": true,
    "ViewFields": "EventDate,EndDate,fRecurrence,EventType,WorkspaceLink,Title,Location,Description,Workspace,MasterSeriesItemID,fAllDayEvent",
    "RowLimit": 30,
    "ListScope": "DefaultValue",
    "JsonFormatterFile": "Gebeurtenissen.json"
  },
  {
    "ListName": "Gebeurtenissen",
    "ViewName": "Huidige gebeurtenissen",
    "DefaultView": false,
    "ViewFields": "fRecurrence,WorkspaceLink,LinkTitle,Location,EventDate,EndDate,fAllDayEvent",
    "RowLimit": 30,
    "ListScope": "DefaultValue",
    "JsonFormatterFile": "Gebeurtenissen.json"
  },
  {
    "ListName": "Geconverteerde formulieren",
    "ViewName": "All Forms",
    "DefaultView": true,
    "ViewFields": "LinkFilename,FormRelativeUrl,FormVersion",
    "RowLimit": 30,
    "ListScope": "DefaultValue",
    "JsonFormatterFile": "Geconverteerde formulieren.json"
  },
  {
    "ListName": "Lijst met gebruikersgegevens",
    "ViewName": "Detailweergave",
    "DefaultView": true,
    "ViewFields": "UserSelection,Attachments,ImnName,Notes,JobTitle,Department",
    "RowLimit": 30,
    "ListScope": "DefaultValue",
    "JsonFormatterFile": "Lijst met gebruikersgegevens.json"
  },
  {
    "ListName": "Lijst met gebruikersgegevens",
    "ViewName": "Lijstweergave",
    "DefaultView": false,
    "ViewFields": "UserSelection,ImnName,JobTitle,Department",
    "RowLimit": 30,
    "ListScope": "DefaultValue",
    "JsonFormatterFile": "Lijst met gebruikersgegevens.json"
  },
  {
    "ListName": "Lijst met gebruikersgegevens",
    "ViewName": "Alle groepen",
    "DefaultView": false,
    "ViewFields": "GroupLink,GroupEdit,Notes,EMail",
    "RowLimit": 30,
    "ListScope": "DefaultValue",
    "JsonFormatterFile": "Lijst met gebruikersgegevens.json"
  },
  {
    "ListName": "Samengesteld uiterlijk",
    "ViewName": "Alle items",
    "DefaultView": true,
    "ViewFields": "Name,MasterPageUrl,ThemeUrl,ImageUrl,FontSchemeUrl,DisplayOrder",
    "RowLimit": 30,
    "ListScope": "DefaultValue",
    "JsonFormatterFile": "Samengesteld uiterlijk.json"
  },
  {
    "ListName": "Samengesteld uiterlijk",
    "ViewName": "Miniaturen",
    "DefaultView": false,
    "ViewFields": "Name,MasterPageUrl,ThemeUrl,ImageUrl,FontSchemeUrl,DisplayOrder",
    "RowLimit": 18,
    "ListScope": "DefaultValue",
    "JsonFormatterFile": "Samengesteld uiterlijk.json"
  },
  {
    "ListName": "Siteactiva",
    "ViewName": "Alle documenten",
    "DefaultView": true,
    "ViewFields": "DocIcon,LinkFilename,Modified,Editor",
    "RowLimit": 30,
    "ListScope": "DefaultValue",
    "JsonFormatterFile": "Siteactiva.json"
  },
  {
    "ListName": "Siteactiva",
    "ViewName": "Documenten samenvoegen",
    "DefaultView": false,
    "ViewFields": "DocIcon,LinkFilename,Combine,Modified,Editor",
    "RowLimit": 30,
    "ListScope": "DefaultValue",
    "JsonFormatterFile": "Siteactiva.json"
  },
  {
    "ListName": "Siteactiva",
    "ViewName": "Documenten opnieuw koppelen",
    "DefaultView": false,
    "ViewFields": "DocIcon,LinkFilenameNoMenu,RepairDocument,Modified,Editor,ContentType,TemplateUrl",
    "RowLimit": 30,
    "ListScope": "DefaultValue",
    "JsonFormatterFile": "Siteactiva.json"
  },
  {
    "ListName": "Siteactiva",
    "ViewName": "assetLibTemp",
    "DefaultView": false,
    "ViewFields": "LinkFilename",
    "RowLimit": 20,
    "ListScope": "DefaultValue",
    "JsonFormatterFile": "Siteactiva.json"
  },
  {
    "ListName": "Sitepagina's",
    "ViewName": "Op auteur",
    "DefaultView": true,
    "ViewFields": "DocIcon,LinkFilename,Editor,Modified,Created",
    "RowLimit": 30,
    "ListScope": "DefaultValue",
    "JsonFormatterFile": "Sitepagina's.json"
  },
  {
    "ListName": "Sitepagina's",
    "ViewName": "Alle pagina's",
    "DefaultView": false,
    "ViewFields": "DocIcon,LinkFilename,Editor,Modified,Author,Created",
    "RowLimit": 30,
    "ListScope": "DefaultValue",
    "JsonFormatterFile": "Sitepagina's.json"
  },
  {
    "ListName": "Sitepagina's",
    "ViewName": "Door editor",
    "DefaultView": false,
    "ViewFields": "DocIcon,LinkFilename,Editor,Modified,Author,Created",
    "RowLimit": 30,
    "ListScope": "DefaultValue",
    "JsonFormatterFile": "Sitepagina's.json"
  },
  {
    "ListName": "Sitepagina's",
    "ViewName": "Recente wijzigingen",
    "DefaultView": false,
    "ViewFields": "DocIcon,LinkFilename,Editor,Modified,Author,Created",
    "RowLimit": 30,
    "ListScope": "DefaultValue",
    "JsonFormatterFile": "Sitepagina's.json"
  },
  {
    "ListName": "Sitepagina's",
    "ViewName": "Gemaakt door mij",
    "DefaultView": false,
    "ViewFields": "DocIcon,LinkFilename,Editor,Modified,Author,Created",
    "RowLimit": 30,
    "ListScope": "DefaultValue",
    "JsonFormatterFile": "Sitepagina's.json"
  },
  {
    "ListName": "Sitepagina's",
    "ViewName": "",
    "DefaultView": false,
    "ViewFields": "DocIcon,LinkFilename,Editor,Modified,Created",
    "RowLimit": 30,
    "ListScope": "DefaultValue",
    "JsonFormatterFile": "Sitepagina's.json"
  },
  {
    "ListName": "Stijlbibliotheek",
    "ViewName": "Alle documenten",
    "DefaultView": true,
    "ViewFields": "DocIcon,LinkFilename,Modified,Editor",
    "RowLimit": 30,
    "ListScope": "DefaultValue",
    "JsonFormatterFile": "Stijlbibliotheek.json"
  },
  {
    "ListName": "Stijlbibliotheek",
    "ViewName": "Documenten opnieuw koppelen",
    "DefaultView": false,
    "ViewFields": "DocIcon,LinkFilenameNoMenu,RepairDocument,Modified,Editor,ContentType,TemplateUrl",
    "RowLimit": 30,
    "ListScope": "DefaultValue",
    "JsonFormatterFile": "Stijlbibliotheek.json"
  },
  {
    "ListName": "Stijlbibliotheek",
    "ViewName": "assetLibTemp",
    "DefaultView": false,
    "ViewFields": "LinkFilename",
    "RowLimit": 20,
    "ListScope": "DefaultValue",
    "JsonFormatterFile": "Stijlbibliotheek.json"
  },
  {
    "ListName": "Stijlbibliotheek",
    "ViewName": "Documenten samenvoegen",
    "DefaultView": false,
    "ViewFields": "DocIcon,LinkFilename,Combine,Modified,Editor",
    "RowLimit": 30,
    "ListScope": "DefaultValue",
    "JsonFormatterFile": "Stijlbibliotheek.json"
  },
  {
    "ListName": "TaxonomyHiddenList",
    "ViewName": "Alle items",
    "DefaultView": true,
    "ViewFields": "LinkTitle",
    "RowLimit": 30,
    "ListScope": "DefaultValue",
    "JsonFormatterFile": "TaxonomyHiddenList.json"
  },
  {
    "ListName": "TestList",
    "ViewName": "All Items",
    "DefaultView": true,
    "ViewFields": "LinkTitle,name,taxonomy",
    "RowLimit": 30,
    "ListScope": "DefaultValue",
    "JsonFormatterFile": "TestList.json"
  },
  {
    "ListName": "Toegangsaanvragen",
    "ViewName": "Uitnodigingen aan externe gebruikers",
    "DefaultView": false,
    "ViewFields": "ReqForUser,PermissionDisp,RequestDate,StatusDisp,ObjectRequestedTitleDisp",
    "RowLimit": 15,
    "ListScope": "DefaultValue",
    "JsonFormatterFile": "Toegangsaanvragen.json"
  },
  {
    "ListName": "Toegangsaanvragen",
    "ViewName": "Geschiedenis",
    "DefaultView": false,
    "ViewFields": "ReqForUser,PermissionDisp,RequestDate,StatusDisp,ObjectRequestedTitleDisp",
    "RowLimit": 30,
    "ListScope": "DefaultValue",
    "JsonFormatterFile": "Toegangsaanvragen.json"
  },
  {
    "ListName": "Toegangsaanvragen",
    "ViewName": "",
    "DefaultView": false,
    "ViewFields": "ReqForUser,ObjectRequestedTitleDisp,RequestDate,ApprovalAction",
    "RowLimit": 15,
    "ListScope": "DefaultValue",
    "JsonFormatterFile": "Toegangsaanvragen.json"
  },
  {
    "ListName": "Toegangsaanvragen",
    "ViewName": "",
    "DefaultView": false,
    "ViewFields": "ReqForUser,PermissionDisp,RequestDate,StatusDisp,ObjectRequestedTitleDisp",
    "RowLimit": 15,
    "ListScope": "DefaultValue",
    "JsonFormatterFile": "Toegangsaanvragen.json"
  },
  {
    "ListName": "Toegangsaanvragen",
    "ViewName": "",
    "DefaultView": false,
    "ViewFields": "ReqForUser,PermissionDisp,RequestDate,StatusDisp,ObjectRequestedTitleDisp",
    "RowLimit": 30,
    "ListScope": "DefaultValue",
    "JsonFormatterFile": "Toegangsaanvragen.json"
  }
]
